<?xml version='1.0' encoding='UTF-8' ?>
<!DOCTYPE book SYSTEM "http://docbook.org/xml/5.0/dtd/docbook.dtd" [
<!ENTITY % BOOK_ENTITIES SYSTEM "Hibernate_Development_Guide.ent">
%BOOK_ENTITIES;
]>

<book>
    <info>
        <title>Hibernate Developer Guide</title>
        <releaseinfo>&version;</releaseinfo>
        <productname>Hibernate O/RM</productname>
        <productnumber>&version;</productnumber>
        <pubdate>&today;</pubdate>
        <mediaobject>
            <imageobject role="fo">
                <imagedata fileref="images/hibernate_logo_a.png" align="center" />
            </imageobject>
            <imageobject role="html">
                <imagedata fileref="images/hibernate_logo_a.png" depth="3cm" />
            </imageobject>
        </mediaobject>
        <copyright>
            <year>&copyrightYear;</year>
            <holder>&copyrightHolder;</holder>
        </copyright>

        <authorgroup xmlns:xl="http://www.w3.org/1999/xlink">
            <author>
                <orgname><link xl:href="http://hibernate.org">The Hibernate Team</link></orgname>
            </author>
            <othercredit>
                <orgname><link xl:href="http://design.jboss.org/">The JBoss Visual Design Team</link></orgname>
            </othercredit>
        </authorgroup>
    </info>


    <xi:include href="Preface.xml" xmlns:xi="http://www.w3.org/2001/XInclude"/>
    <xi:include href="Database_Access.xml" xmlns:xi="http://www.w3.org/2001/XInclude"/>
    <xi:include href="chapters/transactions/Transactions.xml" xmlns:xi="http://www.w3.org/2001/XInclude"/>
    <xi:include href="chapters/pc/Persistence_Context.xml" xmlns:xi="http://www.w3.org/2001/XInclude"/>
    <xi:include href="Batch_Processing.xml" xmlns:xi="http://www.w3.org/2001/XInclude"/>
    <xi:include href="Locking.xml" xmlns:xi="http://www.w3.org/2001/XInclude"/>
    <xi:include href="Caching.xml" xmlns:xi="http://www.w3.org/2001/XInclude"/>
    <xi:include href="chapters/services/Services.xml" xmlns:xi="http://www.w3.org/2001/XInclude"/>
    <xi:include href="Data_Categorizations.xml" xmlns:xi="http://www.w3.org/2001/XInclude"/>
    <xi:include href="Mapping_Entities.xml" xmlns:xi="http://www.w3.org/2001/XInclude"/>
    <xi:include href="Mapping_Association.xml" xmlns:xi="http://www.w3.org/2001/XInclude"/>
    <xi:include href="chapters/query_ql/HQL_JPQL.xml" xmlns:xi="http://www.w3.org/2001/XInclude"/>
    <xi:include href="chapters/query_criteria/Criteria.xml" xmlns:xi="http://www.w3.org/2001/XInclude"/>
    <xi:include href="chapters/query_native/Native_SQL.xml" xmlns:xi="http://www.w3.org/2001/XInclude"/>
    <xi:include href="JMX.xml" xmlns:xi="http://www.w3.org/2001/XInclude"/>
    <xi:include href="Envers.xml" xmlns:xi="http://www.w3.org/2001/XInclude"/>
    <xi:include href="chapters/multitenancy/Multi_Tenancy.xml" xmlns:xi="http://www.w3.org/2001/XInclude"/>
    <xi:include href="chapters/osgi/OSGi.xml" xmlns:xi="http://www.w3.org/2001/XInclude"/>
    <xi:include href="appendix-Configuration_Properties.xml" xmlns:xi="http://www.w3.org/2001/XInclude"/>
    <xi:include href="appendices/legacy_criteria/Legacy_Criteria.xml" xmlns:xi="http://www.w3.org/2001/XInclude"/>
</book>

